,测试因子,年化收益率,年化夏普率,最大回撤率,alpha,beta,信息比率
0,multi_factor_lr,0.04435677804313265,0.5493697476295523,0.1765469068278274,0.05275473855203597,0.5178832611388019,0.4946527322051009
