,测试因子,年化收益率,年化夏普率,最大回撤率,alpha,beta,信息比率
0,svm,0.10556890933521901,2.196097302765307,0.15962104088482804,0.10471037846148651,0.4498207367341709,0.9242386803880269
